[
  {
    "name": "Chicken breast (no skin)",
    "energy": 104,
    "protein": 23,
    "carbs": 0,
    "fat": 1.3,
    "sugar": 0,
    "saturatedFat": 0.4,
    "fiber": 0,
    "salt": 0.11,
    "id": 1,
    "categoryId": 1
  },
  {
    "name": "Chicken thighs (with skin)",
    "energy": 191,
    "protein": 18.3,
    "carbs": 0,
    "fat": 13.3,
    "sugar": 0,
    "saturatedFat": 3.6,
    "fiber": 0,
    "salt": 0.199898,
    "id": 2,
    "categoryId": 1
  },
  {
    "name": "Chicken wings (with skin)",
    "energy": 207,
    "protein": 17.9,
    "carbs": 0,
    "fat": 15.3,
    "sugar": 0,
    "saturatedFat": 4.3,
    "fiber": 0,
    "salt": 0.3,
    "id": 3,
    "categoryId": 1
  },
  {
    "name": "Turkey breast (no skin)",
    "energy": 117,
    "protein": 31.5,
    "carbs": 0.5,
    "fat": 1.7,
    "sugar": 0.5,
    "saturatedFat": 0.5,
    "fiber": 0.5,
    "salt": 0.37,
    "id": 4,
    "categoryId": 1
  },
  {
    "name": "Turkey thighs (with skin)",
    "energy": 460,
    "protein": 21,
    "carbs": 0.2,
    "fat": 2.7,
    "sugar": 0,
    "saturatedFat": 0.6,
    "fiber": 0,
    "salt": 0.17,
    "id": 5,
    "categoryId": 1
  },
  {
    "name": "Ground turkey",
    "energy": 133.9286,
    "protein": 16.9643,
    "carbs": 0,
    "fat": 7.1429,
    "sugar": 0,
    "saturatedFat": 2.2321,
    "fiber": 0,
    "salt": 0.16741075,
    "id": 6,
    "categoryId": 1
  },
  {
    "name": "Beef chuck",
    "energy": 164,
    "protein": 21,
    "carbs": 2,
    "fat": 8,
    "sugar": 0.7,
    "saturatedFat": 3.4,
    "fiber": 0,
    "salt": 1,
    "id": 7,
    "categoryId": 2
  },
  {
    "name": "Beef flank",
    "energy": 131,
    "protein": 20,
    "carbs": 0,
    "fat": 5.7,
    "sugar": 0,
    "saturatedFat": 2.2,
    "fiber": 0,
    "salt": 0.19,
    "id": 8,
    "categoryId": 2
  },
  {
    "name": "Beef meatballs",
    "energy": 252,
    "protein": 14,
    "carbs": 3.4,
    "fat": 20,
    "sugar": 0,
    "saturatedFat": 8.1,
    "fiber": 0,
    "salt": 1.8,
    "id": 9,
    "categoryId": 2
  },
  {
    "name": "Beef rib steak",
    "energy": 229,
    "protein": 19,
    "carbs": 0,
    "fat": 17,
    "sugar": 0,
    "saturatedFat": 8.1,
    "fiber": 0,
    "salt": 0.22,
    "id": 10,
    "categoryId": 2
  },
  {
    "name": "Beef sirloin",
    "energy": 230,
    "protein": 22,
    "carbs": 0,
    "fat": 16,
    "sugar": 0,
    "saturatedFat": 7,
    "fiber": 0,
    "salt": 0.1524,
    "id": 11,
    "categoryId": 2
  },
  {
    "name": "Beef tongue",
    "energy": 154,
    "protein": 12,
    "carbs": 3.7,
    "fat": 10,
    "sugar": 1.7,
    "saturatedFat": 3.2,
    "fiber": 0,
    "salt": 0.93,
    "id": 12,
    "categoryId": 2
  },
  {
    "name": "Beef ribeye steak",
    "energy": 199,
    "protein": 21.6,
    "carbs": 0,
    "fat": 12.7,
    "sugar": 0,
    "saturatedFat": 5.6,
    "fiber": 0,
    "salt": 0.1524,
    "id": 13,
    "categoryId": 2
  },
  {
    "name": "Beef burger",
    "energy": 190,
    "protein": 15,
    "carbs": 5,
    "fat": 12,
    "sugar": 0.5,
    "saturatedFat": 5,
    "fiber": 0,
    "salt": 2,
    "id": 14,
    "categoryId": 2
  },
  {
    "name": "Black angus burger",
    "energy": 169,
    "protein": 19,
    "carbs": 0.9,
    "fat": 10,
    "sugar": 0.9,
    "saturatedFat": 4.2,
    "fiber": 0,
    "salt": 1.42,
    "id": 15,
    "categoryId": 2
  },
  {
    "name": "Ground beef (12% fat)",
    "energy": 190,
    "protein": 19,
    "carbs": 0,
    "fat": 12,
    "sugar": 0,
    "saturatedFat": 5.7,
    "fiber": 0,
    "salt": 0.13,
    "id": 16,
    "categoryId": 2
  },
  {
    "name": "Ground beef (15% fat)",
    "energy": 207,
    "protein": 18,
    "carbs": 0.5,
    "fat": 15,
    "sugar": 0.5,
    "saturatedFat": 6.1999998092651,
    "fiber": 0,
    "salt": 0.21999999880791,
    "id": 17,
    "categoryId": 2
  },
  {
    "name": "Ground beef (20% fat)",
    "energy": 239,
    "protein": 18,
    "carbs": 0.5,
    "fat": 18,
    "sugar": 0.5,
    "saturatedFat": 9.1,
    "fiber": 0,
    "salt": 0.2,
    "id": 18,
    "categoryId": 2
  },
  {
    "name": "Bacon",
    "energy": 500,
    "protein": 30,
    "carbs": 0,
    "fat": 40,
    "sugar": 0,
    "saturatedFat": 12.5,
    "fiber": 0,
    "salt": 4.75,
    "id": 19,
    "categoryId": 2
  },
  {
    "name": "Pork loin",
    "energy": 147,
    "protein": 22,
    "carbs": 0,
    "fat": 6.5,
    "sugar": 0,
    "saturatedFat": 2.3,
    "fiber": 0,
    "salt": 0.13,
    "id": 20,
    "categoryId": 2
  },
  {
    "name": "Pork ribs",
    "energy": 183,
    "protein": 22,
    "carbs": 0,
    "fat": 7.9,
    "sugar": 0,
    "saturatedFat": 3.2,
    "fiber": 0,
    "salt": 0.1,
    "id": 21,
    "categoryId": 2
  },
  {
    "name": "Pork tenderloin",
    "energy": 133,
    "protein": 24.1,
    "carbs": 0.2,
    "fat": 4,
    "sugar": 0.2,
    "saturatedFat": 1.5,
    "fiber": 0,
    "salt": 0.12,
    "id": 22,
    "categoryId": 2
  },
  {
    "name": "Pork shoulder steak",
    "energy": 168,
    "protein": 21,
    "carbs": 0,
    "fat": 9.4,
    "sugar": 0,
    "saturatedFat": 3.3,
    "fiber": 0,
    "salt": 1.4732,
    "id": 23,
    "categoryId": 3
  },
  {
    "name": "Salmon trout",
    "energy": 124,
    "protein": 23,
    "carbs": 0,
    "fat": 3.4,
    "sugar": 0,
    "saturatedFat": 0.7,
    "fiber": 0,
    "salt": 1.3,
    "id": 24,
    "categoryId": 4
  },
  {
    "name": "Salmon fillet",
    "energy": 89.285714285714,
    "protein": 16.964285714286,
    "carbs": 0,
    "fat": 2.2321428571429,
    "sugar": 0,
    "saturatedFat": 0.44642857142857,
    "fiber": 0,
    "salt": 0.55803571428573,
    "id": 25,
    "categoryId": 4
  },
  {
    "name": "Tuna in water",
    "energy": 113,
    "protein": 23.1,
    "carbs": 0.5,
    "fat": 0.6,
    "sugar": 0.5,
    "saturatedFat": 0.4,
    "fiber": 0,
    "salt": 1.25,
    "id": 26,
    "categoryId": 4
  },
  {
    "name": "Tilapia",
    "energy": 80.3571,
    "protein": 17.8571,
    "carbs": 0,
    "fat": 1.7857,
    "sugar": 0,
    "saturatedFat": 0.4464,
    "fiber": 0,
    "salt": 0.08928575,
    "id": 27,
    "categoryId": 4
  },
  {
    "name": "Cod fillet",
    "energy": 80,
    "protein": 17.7,
    "carbs": 0,
    "fat": 0.88,
    "sugar": 0,
    "saturatedFat": 0,
    "fiber": 0,
    "salt": 0.1325,
    "id": 28,
    "categoryId": 4
  },
  {
    "name": "Sardines in olive oil",
    "energy": 235,
    "protein": 25.9,
    "carbs": 0,
    "fat": 14.1,
    "sugar": 0,
    "saturatedFat": 3.53,
    "fiber": 0,
    "salt": 1.02,
    "id": 29,
    "categoryId": 4
  },
  {
    "name": "Pollock",
    "energy": 70.8,
    "protein": 16.8,
    "carbs": 0,
    "fat": 0,
    "sugar": 0,
    "saturatedFat": 0,
    "fiber": 0,
    "salt": 0.398,
    "id": 30,
    "categoryId": 4
  },
  {
    "name": "Herring",
    "energy": 278,
    "protein": 5.8,
    "carbs": 7.3,
    "fat": 25.1,
    "sugar": 6.9,
    "saturatedFat": 3.6,
    "fiber": 0,
    "salt": 1.84,
    "id": 31,
    "categoryId": 4
  },
  {
    "name": "Cottage cheese",
    "energy": 91,
    "protein": 12.3,
    "carbs": 1.6,
    "fat": 3.9,
    "sugar": 1.6,
    "saturatedFat": 2.6,
    "fiber": 0,
    "salt": 0.73,
    "id": 32,
    "categoryId": 5
  },
  {
    "name": "Mozzarella",
    "energy": 202,
    "protein": 17,
    "carbs": 2,
    "fat": 14,
    "sugar": 0.9,
    "saturatedFat": 8.5,
    "fiber": 0,
    "salt": 0.6,
    "id": 33,
    "categoryId": 5
  },
  {
    "name": "Feta",
    "energy": 239,
    "protein": 17,
    "carbs": 0.1,
    "fat": 19,
    "sugar": 0.2,
    "saturatedFat": 15.6,
    "fiber": 0,
    "salt": 2.2,
    "id": 34,
    "categoryId": 5
  },
  {
    "name": "Parmesan",
    "energy": 402,
    "protein": 32,
    "carbs": 0,
    "fat": 30,
    "sugar": 0,
    "saturatedFat": 20,
    "fiber": 0,
    "salt": 1.6,
    "id": 35,
    "categoryId": 5
  },
  {
    "name": "Haloumi",
    "energy": 313.79998779297,
    "protein": 21,
    "carbs": 2,
    "fat": 24.799999237061,
    "sugar": 1,
    "saturatedFat": 15.89999961853,
    "fiber": 0.6,
    "salt": 2.5799999237061,
    "id": 36,
    "categoryId": 5
  },
  {
    "name": "Cow milk (1% fat)",
    "energy": 54,
    "protein": 4.17,
    "carbs": 6.67,
    "fat": 1.04,
    "sugar": 6.25,
    "saturatedFat": 0.62,
    "fiber": 0,
    "salt": 0.1675,
    "id": 37,
    "categoryId": 6
  },
  {
    "name": "Cow milk (2% fat)",
    "energy": 50,
    "protein": 3.3333,
    "carbs": 5,
    "fat": 2.0833,
    "sugar": 5,
    "saturatedFat": 1.25,
    "fiber": 0,
    "salt": 0.11979175,
    "id": 38,
    "categoryId": 6
  },
  {
    "name": "Cow milk (3.5% fat)",
    "energy": 61,
    "protein": 2.9,
    "carbs": 4.5,
    "fat": 3.5,
    "sugar": 4.5,
    "saturatedFat": 2.4,
    "fiber": 0,
    "salt": 0.1,
    "id": 39,
    "categoryId": 6

  },
  {
    "name": "Almomd milk",
    "energy": 38,
    "protein": 0.9,
    "carbs": 3,
    "fat": 2.2,
    "sugar": 0.5,
    "saturatedFat": 0.2,
    "fiber": 1.2,
    "salt": 0.15748031496063,
    "id": 40,
    "categoryId": 6

  },
  {
    "name": "Skyr",
    "energy": 62,
    "protein": 10.6,
    "carbs": 4,
    "fat": 0.2,
    "sugar": 4,
    "saturatedFat": 0.1,
    "fiber": 0,
    "salt": 0.14,
    "id": 41,
    "categoryId": 6

  },
  {
    "name": "Eggs",
    "energy": 140,
    "protein": 12.7,
    "carbs": 0.3,
    "fat": 9.8,
    "sugar": 0.3,
    "saturatedFat": 2.6,
    "fiber": 0,
    "salt": 0.3,
    "id": 42,
    "categoryId": 6

  },
  {
    "name": "Liquid egg whites",
    "energy": 50,
    "protein": 11.2,
    "carbs": 1.1,
    "fat": 0.5,
    "sugar": 1.1,
    "saturatedFat": 0,
    "fiber": 0.1,
    "salt": 0.16,
    "id": 43,
    "categoryId": 6

  },
  {
    "name": "White rice",
    "energy": 344,
    "protein": 6.7,
    "carbs": 77,
    "fat": 0.7,
    "sugar": 0.2,
    "saturatedFat": 0.2,
    "fiber": 2.4,
    "salt": 0.02,
    "id": 44,
    "categoryId": 7

  },
  {
    "name": "Brown rice",
    "energy": 349,
    "protein": 8.3,
    "carbs": 71,
    "fat": 2.8,
    "sugar": 0.6,
    "saturatedFat": 0.6,
    "fiber": 3.6,
    "salt": 0.03,
    "id": 45,
    "categoryId": 7
  },
  {
    "name": "Couscous",
    "energy": 365,
    "protein": 12,
    "carbs": 73,
    "fat": 2,
    "sugar": 3,
    "saturatedFat": 0.4,
    "fiber": 3.4,
    "salt": 0.02,
    "id": 46,
    "categoryId": 7
  },
  {
    "name": "Oats",
    "energy": 375,
    "protein": 11,
    "carbs": 60,
    "fat": 8,
    "sugar": 1.1,
    "saturatedFat": 1.5,
    "fiber": 9,
    "salt": 0.01,
    "id": 47,
    "categoryId": 7
  },
  {
    "name": "Pasta",
    "energy": 350,
    "protein": 12.5,
    "carbs": 70.5,
    "fat": 1.2,
    "sugar": 3.2,
    "saturatedFat": 0.3,
    "fiber": 3.5,
    "salt": 0,
    "id": 48,
    "categoryId": 7
  },
  {
    "name": "Whole-wheat pasta",
    "energy": 344,
    "protein": 13,
    "carbs": 64,
    "fat": 2,
    "sugar": 3,
    "saturatedFat": 0.4,
    "fiber": 9,
    "salt": 0.01,
    "id": 49,
    "categoryId": 7
  },
  {
    "name": "Quinoa",
    "energy": 156,
    "protein": 4.2,
    "carbs": 21,
    "fat": 4.6,
    "sugar": 0.9,
    "saturatedFat": 0.6,
    "fiber": 6,
    "salt": 0.59,
    "id": 50,
    "categoryId": 7
  },
  {
    "name": "White bread",
    "energy": 248,
    "protein": 9.8,
    "carbs": 44.3,
    "fat": 2.9,
    "sugar": 2.6,
    "saturatedFat": 0.6,
    "fiber": 2.1,
    "salt": 0.98,
    "id": 51,
    "categoryId": 7
  },
  {
    "name": "Whole-wheat bread",
    "energy": 214,
    "protein": 14.29,
    "carbs": 42.86,
    "fat": 3.57,
    "sugar": 3.57,
    "saturatedFat": 0,
    "fiber": 7.1,
    "salt": 1.0575,
    "id": 52,
    "categoryId": 7
  },
  {
    "name": "Buns",
    "energy": 324,
    "protein": 7.5,
    "carbs": 55,
    "fat": 7.6,
    "sugar": 5.3,
    "saturatedFat": 0.9,
    "fiber": 2.9,
    "salt": 1.1,
    "id": 53,
    "categoryId": 7
  },
  {
    "name": "Tortila",
    "energy": 319,
    "protein": 8.4,
    "carbs": 55.3,
    "fat": 6.8,
    "sugar": 2.2,
    "saturatedFat": 3,
    "fiber": 1.8,
    "salt": 0.94,
    "id": 54,
    "categoryId": 7
  },
  {
    "name": "Buckwheat",
    "energy": 350,
    "protein": 9,
    "carbs": 72,
    "fat": 2,
    "sugar": 0,
    "saturatedFat": 0.7,
    "fiber": 4,
    "salt": 0.01,
    "id": 55,
    "categoryId": 7
  },
  {
    "name": "Bulgur",
    "energy": 340,
    "protein": 12.3,
    "carbs": 68.6,
    "fat": 1.3,
    "sugar": 0.4,
    "saturatedFat": 0.2,
    "fiber": 6.2,
    "salt": 0.04,
    "id": 56,
    "categoryId": 7
  }
]